{"cameraMode":{"drawMode":0,"name":"Shaded","section":"Shading Mode"},"sceneLighting":false,"audioPlay":false,"sceneViewState":{"showFog":true,"showMaterialUpdate":false,"showSkybox":false,"showFlares":true,"showImageEffects":true,"showParticleSystems":true},"in2DMode":false,"pivot":{"x":7.053849220275879,"y":24.94872283935547,"z":-0.6171226501464844},"rotation":{"x":-0.07941436767578125,"y":-0.008674224838614464,"z":0.0006890066433697939,"w":-0.9968134164810181},"size":49.5827522277832,"orthographic":false}