{"cameraMode":{"drawMode":0,"name":"Shaded","section":"Shading Mode"},"sceneLighting":false,"audioPlay":false,"sceneViewState":{"showFog":true,"showMaterialUpdate":false,"showSkybox":false,"showFlares":true,"showImageEffects":true,"showParticleSystems":true},"in2DMode":false,"pivot":{"x":0.30575329065322878,"y":46.43305587768555,"z":-1.607696533203125},"rotation":{"x":-0.07941575348377228,"y":0.006278397515416145,"z":-0.0005022583645768464,"w":-0.9968314170837402},"size":50.929080963134769,"orthographic":false}