{"cameraMode":{"drawMode":0,"name":"Shaded","section":"Shading Mode"},"sceneLighting":true,"audioPlay":false,"sceneViewState":{"showFog":true,"showMaterialUpdate":false,"showSkybox":true,"showFlares":true,"showImageEffects":true,"showParticleSystems":true},"in2DMode":false,"pivot":{"x":120.87934875488281,"y":1.473238468170166,"z":3.9993820190429689},"rotation":{"x":0.052472274750471118,"y":-0.011982612311840058,"z":0.0006395758828148246,"w":0.9985592365264893},"size":35.34978103637695,"orthographic":false}