{"cameraMode":{"drawMode":0,"name":"Shaded","section":"Shading Mode"},"sceneLighting":false,"audioPlay":false,"sceneViewState":{"showFog":true,"showMaterialUpdate":false,"showSkybox":false,"showFlares":true,"showImageEffects":true,"showParticleSystems":true},"in2DMode":false,"pivot":{"x":63.79946517944336,"y":0.8875188827514648,"z":-3.170705795288086},"rotation":{"x":-0.16555960476398469,"y":-0.5798881649971008,"z":0.12178146094083786,"w":-0.7883486747741699},"size":34.898014068603519,"orthographic":true}