{"cameraMode":{"drawMode":0,"name":"Shaded","section":"Shading Mode"},"sceneLighting":false,"audioPlay":false,"sceneViewState":{"showFog":true,"showMaterialUpdate":false,"showSkybox":false,"showFlares":true,"showImageEffects":true,"showParticleSystems":true},"in2DMode":false,"pivot":{"x":-23.16952133178711,"y":10.468388557434082,"z":-37.33573913574219},"rotation":{"x":-0.2797946035861969,"y":-0.21204988658428193,"z":0.06350920349359513,"w":-0.9341998100280762},"size":10.04341983795166,"orthographic":false}