{"cameraMode":{"drawMode":0,"name":"Shaded","section":"Shading Mode"},"sceneLighting":false,"audioPlay":false,"sceneViewState":{"showFog":true,"showMaterialUpdate":false,"showSkybox":false,"showFlares":true,"showImageEffects":true,"showParticleSystems":true},"in2DMode":false,"pivot":{"x":-0.014075279235839844,"y":1.689687728881836,"z":-1.168686866760254},"rotation":{"x":-0.21990850567817689,"y":0.07074067741632462,"z":-0.016042983159422876,"w":-0.9728630185127258},"size":2.8578836917877199,"orthographic":false}