{"cameraMode":{"drawMode":0,"name":"Shaded","section":"Shading Mode"},"sceneLighting":true,"audioPlay":false,"sceneViewState":{"showFog":true,"showMaterialUpdate":false,"showSkybox":true,"showFlares":true,"showImageEffects":true,"showParticleSystems":true},"in2DMode":false,"pivot":{"x":-14.171096801757813,"y":-2.8984689712524416,"z":2.0030059814453127},"rotation":{"x":0.19494178891181947,"y":0.1424669325351715,"z":-0.02855823189020157,"w":0.9700406789779663},"size":22.0,"orthographic":false}