{"cameraMode":{"drawMode":0,"name":"Shaded","section":"Shading Mode"},"sceneLighting":false,"audioPlay":false,"sceneViewState":{"showFog":true,"showMaterialUpdate":false,"showSkybox":false,"showFlares":true,"showImageEffects":true,"showParticleSystems":true},"in2DMode":false,"pivot":{"x":2.085794448852539,"y":48.623016357421878,"z":0.0649404525756836},"rotation":{"x":-0.08890731632709503,"y":-0.37925881147384646,"z":0.03663911670446396,"w":-0.9202834963798523},"size":36.946834564208987,"orthographic":false}