{"cameraMode":{"drawMode":0,"name":"Shaded","section":"Shading Mode"},"sceneLighting":false,"audioPlay":false,"sceneViewState":{"showFog":true,"showMaterialUpdate":false,"showSkybox":false,"showFlares":true,"showImageEffects":true,"showParticleSystems":true},"in2DMode":false,"pivot":{"x":-2.571483612060547,"y":25.156429290771486,"z":3.058849334716797},"rotation":{"x":-0.15881291031837464,"y":-0.3369506895542145,"z":0.05777386203408241,"w":-0.9262346625328064},"size":33.73542022705078,"orthographic":false}