{"cameraMode":{"drawMode":0,"name":"Shaded","section":"Shading Mode"},"sceneLighting":false,"audioPlay":false,"sceneViewState":{"showFog":true,"showMaterialUpdate":false,"showSkybox":false,"showFlares":true,"showImageEffects":true,"showParticleSystems":true},"in2DMode":false,"pivot":{"x":77.70187377929688,"y":1.089876651763916,"z":13.298629760742188},"rotation":{"x":-0.04856590926647186,"y":-0.3034331500530243,"z":0.015496392734348774,"w":-0.951506495475769},"size":20.224979400634767,"orthographic":false}