{"cameraMode":{"drawMode":0,"name":"Shaded","section":"Shading Mode"},"sceneLighting":false,"audioPlay":false,"sceneViewState":{"showFog":true,"showMaterialUpdate":false,"showSkybox":false,"showFlares":true,"showImageEffects":true,"showParticleSystems":true},"in2DMode":false,"pivot":{"x":-0.014075279235839844,"y":1.689687728881836,"z":-1.168686866760254},"rotation":{"x":0.049720462411642078,"y":0.31934216618537905,"z":-0.016780875623226167,"w":0.9461857080459595},"size":1.0664609670639039,"orthographic":true}