{"cameraMode":{"drawMode":0,"name":"Shaded","section":"Shading Mode"},"sceneLighting":false,"audioPlay":false,"sceneViewState":{"showFog":true,"showMaterialUpdate":false,"showSkybox":false,"showFlares":true,"showImageEffects":true,"showParticleSystems":true},"in2DMode":false,"pivot":{"x":-22.17009735107422,"y":-3.2382664680480959,"z":-1.6095490455627442},"rotation":{"x":-0.06901717931032181,"y":-0.22052352130413056,"z":0.01558413915336132,"w":-0.9728593230247498},"size":9.972053527832032,"orthographic":false}