{"cameraMode":{"drawMode":0,"name":"Shaded","section":"Shading Mode"},"sceneLighting":false,"audioPlay":false,"sceneViewState":{"showFog":true,"showMaterialUpdate":false,"showSkybox":false,"showFlares":true,"showImageEffects":true,"showParticleSystems":true},"in2DMode":false,"pivot":{"x":64.7496566772461,"y":-3.8256683349609377,"z":6.594505310058594},"rotation":{"x":-0.13866767287254334,"y":-0.47658759355545046,"z":0.0764213353395462,"w":-0.8647602200508118},"size":53.85012435913086,"orthographic":false}