{"cameraMode":{"drawMode":0,"name":"Shaded","section":"Shading Mode"},"sceneLighting":false,"audioPlay":false,"sceneViewState":{"showFog":true,"showMaterialUpdate":false,"showSkybox":false,"showFlares":true,"showImageEffects":true,"showParticleSystems":true},"in2DMode":false,"pivot":{"x":-0.014075279235839844,"y":1.689687728881836,"z":-1.168686866760254},"rotation":{"x":-0.22703620791435243,"y":-0.5274173617362976,"z":0.14866144955158235,"w":-0.8051584959030151},"size":2.8578836917877199,"orthographic":false}