{"cameraMode":{"drawMode":0,"name":"Shaded","section":"Shading Mode"},"sceneLighting":false,"audioPlay":false,"sceneViewState":{"showFog":true,"showMaterialUpdate":false,"showSkybox":false,"showFlares":true,"showImageEffects":true,"showParticleSystems":true},"in2DMode":false,"pivot":{"x":0.030609846115112306,"y":2.2790801525115969,"z":-0.9927968978881836},"rotation":{"x":0.06949258595705033,"y":0.18740518391132356,"z":-0.013288195244967938,"w":0.979749321937561},"size":4.957884311676025,"orthographic":false}