{"cameraMode":{"drawMode":0,"name":"Shaded","section":"Shading Mode"},"sceneLighting":false,"audioPlay":false,"sceneViewState":{"showFog":true,"showMaterialUpdate":false,"showSkybox":false,"showFlares":true,"showImageEffects":true,"showParticleSystems":true},"in2DMode":false,"pivot":{"x":63.79946517944336,"y":0.8875188827514648,"z":-3.170705795288086},"rotation":{"x":-0.02223769947886467,"y":0.9702075123786926,"z":-0.09783544391393662,"w":-0.2205255925655365},"size":34.21751403808594,"orthographic":true}