{"cameraMode":{"drawMode":0,"name":"Shaded","section":"Shading Mode"},"sceneLighting":true,"audioPlay":false,"sceneViewState":{"showFog":true,"showMaterialUpdate":false,"showSkybox":false,"showFlares":true,"showImageEffects":true,"showParticleSystems":true},"in2DMode":false,"pivot":{"x":66.44853973388672,"y":1.9393424987792969,"z":18.21186637878418},"rotation":{"x":-0.09114019572734833,"y":-0.20697380602359773,"z":0.01936698518693447,"w":-0.9739105105400086},"size":57.716514587402347,"orthographic":false}