{"cameraMode":{"drawMode":0,"name":"Shaded","section":"Shading Mode"},"sceneLighting":false,"audioPlay":false,"sceneViewState":{"showFog":true,"showMaterialUpdate":false,"showSkybox":false,"showFlares":true,"showImageEffects":true,"showParticleSystems":true},"in2DMode":false,"pivot":{"x":3.1842498779296877,"y":2.4749975204467775,"z":6.059288024902344},"rotation":{"x":0.13920505344867707,"y":0.27676957845687868,"z":-0.04054773598909378,"w":0.9499560594558716},"size":44.18537902832031,"orthographic":true}