{"cameraMode":{"drawMode":0,"name":"Shaded","section":"Shading Mode"},"sceneLighting":true,"audioPlay":false,"sceneViewState":{"showFog":true,"showMaterialUpdate":false,"showSkybox":false,"showFlares":true,"showImageEffects":true,"showParticleSystems":true},"in2DMode":false,"pivot":{"x":-9.379180908203125,"y":24.13818359375,"z":2.10546875},"rotation":{"x":0.07391958683729172,"y":0.16319885849952699,"z":-0.012262936681509018,"w":0.9837449789047241},"size":51.05705261230469,"orthographic":true}