{"cameraMode":{"drawMode":0,"name":"Shaded","section":"Shading Mode"},"sceneLighting":true,"audioPlay":false,"sceneViewState":{"showFog":true,"showMaterialUpdate":false,"showSkybox":false,"showFlares":true,"showImageEffects":true,"showParticleSystems":true},"in2DMode":false,"pivot":{"x":-23.16952133178711,"y":12.663387298583985,"z":-37.33573913574219},"rotation":{"x":-0.10048079490661621,"y":-0.24308647215366364,"z":0.025325719267129899,"w":-0.9644548296928406},"size":20.452972412109376,"orthographic":false}