{"cameraMode":{"drawMode":0,"name":"Shaded","section":"Shading Mode"},"sceneLighting":false,"audioPlay":false,"sceneViewState":{"showFog":true,"showMaterialUpdate":false,"showSkybox":false,"showFlares":true,"showImageEffects":true,"showParticleSystems":true},"in2DMode":false,"pivot":{"x":2.200000762939453,"y":48.29999923706055,"z":0.5528470277786255},"rotation":{"x":-0.08271370083093643,"y":-0.008374199271202088,"z":0.0006875979015603662,"w":-0.996554434299469},"size":40.67865753173828,"orthographic":false}