{"cameraMode":{"drawMode":0,"name":"Shaded","section":"Shading Mode"},"sceneLighting":true,"audioPlay":false,"sceneViewState":{"showFog":true,"showMaterialUpdate":false,"showSkybox":true,"showFlares":true,"showImageEffects":true,"showParticleSystems":true},"in2DMode":false,"pivot":{"x":44.45889663696289,"y":-37.51184844970703,"z":63.780540466308597},"rotation":{"x":-0.17010030150413514,"y":-0.33345866203308108,"z":0.06130293756723404,"w":-0.9252651929855347},"size":114.9282455444336,"orthographic":false}